video name,memorability score
2.cropped,0.8734163648663302
1.cropped,0.890256605146105
4,0.8414894978727823
3,0.8459026784515926
4.cropped,0.8658276994739837
2,0.861049748453512
3.cropped,0.8589147372150667
1,0.8815982084784535
